"Id","OwnerId","IsDeleted","Name","CreatedDate","CreatedById","LastModifiedDate","LastModifiedById","SystemModstamp","LastActivityDate","Customer_ID__c","Vehicle_name__c","Vehicle_number__c","Phone_number__c","Email__c","Address__c","Last_service_date__c"
"a060Y000005QOnwQAG","0050Y000000Gl4VQAS","0","Robert William","2017-05-01 23:18:54","0050Y000000Gl4VQAS","2017-05-02 00:32:43","0050Y000000Gl4VQAS","2017-05-03 01:48:46","","CUS-0001","Audi-A6","05MN3043","089234123","robertwilliam@hotmail.com","25/7 F Drumcondra Dublin 1","2017-04-07 00:00:00"
"a060Y000005QQCgQAO","0050Y000000Gl4VQAS","0","Paul	Sutherland","2017-05-02 04:35:31","0050Y000000Gl4VQAS","2017-05-02 04:35:31","0050Y000000Gl4VQAS","2017-05-02 04:35:31","","CUS-0002","Honda Civic","05MN3031","08932312","paul.sutherland@gmail.com","xyz","2017-04-03 00:00:00"
"a060Y000005QQEhQAO","0050Y000000Gl4VQAS","0","Sam	Knox","2017-05-02 04:38:36","0050Y000000Gl4VQAS","2017-05-02 04:38:36","0050Y000000Gl4VQAS","2017-05-02 04:38:36","","CUS-0003","Hyundai Accent","05MN3036","08932343","sam.knox@gmail.com","Corporation St, Newcastle ST5","2017-05-11 00:00:00"
"a060Y000005QQFuQAO","0050Y000000Gl4VQAS","0","Isaac Miller","2017-05-02 04:40:22","0050Y000000Gl4VQAS","2017-05-02 04:40:22","0050Y000000Gl4VQAS","2017-05-02 04:40:22","","CUS-0004","Audi A7","05MN304","09324232","isaac.miller@gmail.com","Woodlands, Yateley GU46 6DD","2017-05-05 00:00:00"
"a060Y000005QQG0QAO","0050Y000000Gl4VQAS","0","Paul	Hunter","2017-05-02 04:43:23","0050Y000000Gl4VQAS","2017-05-02 04:43:23","0050Y000000Gl4VQAS","2017-05-02 04:43:23","","CUS-0007","Land Rover","05MN305","08932344","paul.hunter@gmail.com","1 Duckmead Ln, Liss GU33","2017-05-17 00:00:00"
"a060Y000005QQGdQAO","0050Y000000Gl4VQAS","0","Amanda Rutherford","2017-05-02 04:41:24","0050Y000000Gl4VQAS","2017-05-02 04:41:24","0050Y000000Gl4VQAS","2017-05-02 04:41:24","","CUS-0005","Hyundai Swift","05MN3042","092132433","amanda.rutherford@gmail.com","5 Avondale, Cotgrave, Nottingham NG12 3LR","2017-04-18 00:00:00"
"a060Y000005QQHgQAO","0050Y000000Gl4VQAS","0","Edward Langdon","2017-05-02 04:42:22","0050Y000000Gl4VQAS","2017-05-02 04:42:22","0050Y000000Gl4VQAS","2017-05-02 04:42:22","","CUS-0006","Hyunda i20","05MN3043","92342234","edward.langdon@gmail.com","138-156 Newtown Rd, Southampton SO19 9HR","2017-05-04 00:00:00"
"a060Y000005QQJmQAO","0050Y000000Gl4VQAS","0","Cameron Jones","2017-05-02 04:44:26","0050Y000000Gl4VQAS","2017-05-02 04:44:26","0050Y000000Gl4VQAS","2017-05-02 04:44:26","","CUS-0008","Porsche Carrera","05MN3052","09343433","cameron.jones@gmail.com","1 Stock Rd, Southend-on-Sea SS2 5QF","2017-03-08 00:00:00"
"a060Y000005QQKpQAO","0050Y000000Gl4VQAS","0","Jack	Ogden","2017-05-02 04:45:18","0050Y000000Gl4VQAS","2017-05-02 04:45:18","0050Y000000Gl4VQAS","2017-05-02 04:45:18","","CUS-0009","Honda Ikon","05MN3069","93423134","jack.ogden@gmail.com","James Watt Way, Crawley RH10 9ZX","2017-05-16 00:00:00"
"a060Y000005QQLYQA4","0050Y000000Gl4VQAS","0","Gavin Graham","2017-05-02 04:46:25","0050Y000000Gl4VQAS","2017-05-02 04:46:25","0050Y000000Gl4VQAS","2017-05-02 04:46:25","","CUS-0010","Hyundai Tucson","05MN3077","08493453","gavin.graham@gmail.com","30 Pelham Dr, Bootle L30 4XN","2017-03-10 00:00:00"
"a060Y000005QQLnQAO","0050Y000000Gl4VQAS","0","Max	Lawrence","2017-05-02 04:47:31","0050Y000000Gl4VQAS","2017-05-02 04:47:31","0050Y000000Gl4VQAS","2017-05-02 04:47:31","","CUS-0011","Honda Sx4","05MN308","08392453","max.lawrence@gmail.com","9 Fletcher St, Radcliffe, Manchester M26 2RZ","2017-05-24 00:00:00"
"a060Y000005QQMCQA4","0050Y000000Gl4VQAS","0","Theresa Metcalfe","2017-05-02 04:48:12","0050Y000000Gl4VQAS","2017-05-02 04:48:12","0050Y000000Gl4VQAS","2017-05-02 04:48:12","","CUS-0012","Range Rover","05MN3083","083294736","theresa.metcalfe@gmail.com","Southwood Ave, Highgate, London N6 5RY","2017-05-17 00:00:00"
"a060Y000005QQMlQAO","0050Y000000Gl4VQAS","0","Dominic Anderson","2017-05-02 04:49:02","0050Y000000Gl4VQAS","2017-05-02 04:49:02","0050Y000000Gl4VQAS","2017-05-03 01:48:46","","CUS-0013","Pontiac","05MN3091","093824343","dominic.anderson@gmail.com","5 Railway Terrace, Inverness IV2 7WE,","2017-03-18 00:00:00"
"a060Y000005QTqPQAW","0050Y000000Gl4VQAS","0","Phil Allan","2017-05-02 07:43:57","0050Y000000Gl4VQAS","2017-05-02 07:54:02","0050Y000000Gl4VQAS","2017-05-03 01:48:46","","CUS-0014","Envoy","05MO10278","89437919","phil.allan@gmail.com","100 Great Barr St, Birmingham B9 4BB, UK","2017-05-08 00:00:00"
"a060Y000005QTqQQAW","0050Y000000Gl4VQAS","0","Jennifer Nolan","2017-05-02 07:43:57","0050Y000000Gl4VQAS","2017-05-02 07:54:02","0050Y000000Gl4VQAS","2017-05-02 07:54:02","","CUS-0015","Equinox","05MO10283","83664180","jennifer.nolan@gmail.com","North Dr, New Milton BH25, UK",""
"a060Y000005QTqRQAW","0050Y000000Gl4VQAS","0","Jane McDonald","2017-05-02 07:43:57","0050Y000000Gl4VQAS","2017-05-02 07:54:02","0050Y000000Gl4VQAS","2017-05-02 07:54:02","","CUS-0016","Escalade","05MO10289","84183442","jane.mcdonald@gmail.com","40 Sutherlands Ct, Chandler's Ford, Eastleigh SO53 2QB, UK",""
"a060Y000005QTqSQAW","0050Y000000Gl4VQAS","0","Diane Watson","2017-05-02 07:43:57","0050Y000000Gl4VQAS","2017-05-02 07:54:02","0050Y000000Gl4VQAS","2017-05-02 07:54:02","","CUS-0017","Escape","05MO1029","86202997","diane.watson@gmail.com","Unnamed Road, Helston TR12 6RF, UK",""
"a060Y000005QTqTQAW","0050Y000000Gl4VQAS","0","Sonia Rees","2017-05-02 07:43:57","0050Y000000Gl4VQAS","2017-05-02 07:54:02","0050Y000000Gl4VQAS","2017-05-03 01:48:46","","CUS-0018","Escort","05MO1030","85494709","sonia.rees@gmail.com","24 Goodyere St, Gloucester GL1 4UG, UK","2017-11-03 00:00:00"
"a060Y000005QTqUQAW","0050Y000000Gl4VQAS","0","Paul Butler","2017-05-02 07:43:57","0050Y000000Gl4VQAS","2017-05-02 07:54:02","0050Y000000Gl4VQAS","2017-05-02 07:54:02","","CUS-0019","Esperante","05MO10303","84161621","paul.butler@gmail.com","39 Salop Rd, Welshpool SY21 7EA, UK","2017-01-01 00:00:00"
"a060Y000005QTqVQAW","0050Y000000Gl4VQAS","0","Diane Peters","2017-05-02 07:43:57","0050Y000000Gl4VQAS","2017-05-02 07:54:02","0050Y000000Gl4VQAS","2017-05-02 07:54:02","","CUS-0020","Esprit","05MO10304","82537367","diane.peters@gmail.com","10-12 Ravens Way, Crow Lane Industrial Estate, Northampton NN3 9UD, UK",""
"a060Y000005QTqWQAW","0050Y000000Gl4VQAS","0","Alan Henderson","2017-05-02 07:43:57","0050Y000000Gl4VQAS","2017-05-02 07:54:02","0050Y000000Gl4VQAS","2017-05-02 07:54:02","","CUS-0021","Estate","05MO10305","86280898","alan.henderson@gmail.com","32A The Green, Swanwick, Alfreton DE55 1AN, UK","2017-12-01 00:00:00"
"a060Y000005QTqXQAW","0050Y000000Gl4VQAS","0","Eric Buckland","2017-05-02 07:43:57","0050Y000000Gl4VQAS","2017-05-02 07:54:02","0050Y000000Gl4VQAS","2017-05-02 07:54:02","","CUS-0022","Esteem","05MO10308","86549079","eric.buckland@gmail.com","Barton Rd, Malpas SY14, UK","2017-04-02 00:00:00"
"a060Y000005QTqYQAW","0050Y000000Gl4VQAS","0","Brandon Bailey","2017-05-02 07:43:57","0050Y000000Gl4VQAS","2017-05-02 07:54:02","0050Y000000Gl4VQAS","2017-05-02 07:54:02","","CUS-0023","Eurovan","05MO10309","88942698","brandon.bailey@gmail.com","14 Copeman Rd, Roydon, Diss IP22 5RH, UK","2017-11-02 00:00:00"
"a060Y000005QTqZQAW","0050Y000000Gl4VQAS","0","Angela Clark","2017-05-02 07:43:57","0050Y000000Gl4VQAS","2017-05-02 07:54:02","0050Y000000Gl4VQAS","2017-05-02 07:54:02","","CUS-0024","Excel","05MO10321","88208927","angela.clark@gmail.com","11 Latchwood Ln, Farnham GU10 3HA, UK",""
"a060Y000005QTqaQAG","0050Y000000Gl4VQAS","0","Abigail Parr","2017-05-02 07:43:57","0050Y000000Gl4VQAS","2017-05-02 07:54:02","0050Y000000Gl4VQAS","2017-05-02 07:54:02","","CUS-0025","Excursion","05MO10322","89426985","abigail.parr@gmail.com","3 Belchers Ln, Nazeing, Waltham Abbey EN9 2SA, UK","2017-08-04 00:00:00"
"a060Y000005QTqbQAG","0050Y000000Gl4VQAS","0","Robert Johnston","2017-05-02 07:43:57","0050Y000000Gl4VQAS","2017-05-02 07:54:02","0050Y000000Gl4VQAS","2017-05-02 07:54:02","","CUS-0026","Expedition","05MO10326","82462259","robert.johnston@gmail.com","10 Farr Cres, Helmsdale KW8 6LJ, UK",""
"a060Y000005QTqcQAG","0050Y000000Gl4VQAS","0","Lucas Duncan","2017-05-02 07:43:57","0050Y000000Gl4VQAS","2017-05-02 07:54:02","0050Y000000Gl4VQAS","2017-05-02 07:54:02","","CUS-0027","Explorer","05MO10329","83434517","lucas.duncan@gmail.com","50 W Shore Rd, Edinburgh EH5 1QH, UK","2017-07-03 00:00:00"
"a060Y000005QTqdQAG","0050Y000000Gl4VQAS","0","Nicola Powell","2017-05-02 07:43:57","0050Y000000Gl4VQAS","2017-05-02 07:54:02","0050Y000000Gl4VQAS","2017-05-02 07:54:02","","CUS-0028","Expo","05MO10333","86927963","nicola.powell@gmail.com","Unnamed Road, Callington PL17 8LX, UK",""
"a060Y000005QTqeQAG","0050Y000000Gl4VQAS","0","Madeleine Brown","2017-05-02 07:43:57","0050Y000000Gl4VQAS","2017-05-02 07:54:02","0050Y000000Gl4VQAS","2017-05-02 07:54:02","","CUS-0029","Express","05MO10334","87262322","madeleine.brown@gmail.com","1 Fine St, Peterchurch, Hereford HR2 0SN, UK",""
"a060Y000005QTqfQAG","0050Y000000Gl4VQAS","0","Andrew Hart","2017-05-02 07:43:57","0050Y000000Gl4VQAS","2017-05-02 07:54:02","0050Y000000Gl4VQAS","2017-05-02 07:54:02","","CUS-0030","Fairmont","05MO10352","84756420","andrew.hart@gmail.com","4 Tower Rd, Belvedere DA17, UK",""
"a060Y000005QTqgQAG","0050Y000000Gl4VQAS","0","Gordon Powell","2017-05-02 07:43:57","0050Y000000Gl4VQAS","2017-05-02 07:54:02","0050Y000000Gl4VQAS","2017-05-02 07:54:02","","CUS-0031","Festiva","05MO10355","87567071","gordon.powell@gmail.com","68 Glencoyne Dr, Southport PR9 9UT, UK",""
"a060Y000005QTqhQAG","0050Y000000Gl4VQAS","0","Anna Russell","2017-05-02 07:43:57","0050Y000000Gl4VQAS","2017-05-02 07:54:02","0050Y000000Gl4VQAS","2017-05-02 07:54:02","","CUS-0032","Fiero","05MO10369","86136856","anna.russell@gmail.com","7 Shillinghill, Humbie EH36 5PX, UK","2017-01-03 00:00:00"
"a060Y000005QTqiQAG","0050Y000000Gl4VQAS","0","Ava Springer","2017-05-02 07:43:57","0050Y000000Gl4VQAS","2017-05-02 07:54:02","0050Y000000Gl4VQAS","2017-05-02 07:54:02","","CUS-0033","Fifth Avenue","05MO10374","87730257","ava.springer@gmail.com","8 Coxswain Cl, Filey YO14 0AD, UK",""
"a060Y000005QTqjQAG","0050Y000000Gl4VQAS","0","Neil Dowd","2017-05-02 07:43:57","0050Y000000Gl4VQAS","2017-05-02 07:54:02","0050Y000000Gl4VQAS","2017-05-02 07:54:02","","CUS-0034","Firebird","05MO10379","87258847","neil.dowd@gmail.com","30 Chatfield Rd, Niton, Ventnor PO38 2DR, UK","2017-03-02 00:00:00"
"a060Y000005QTqkQAG","0050Y000000Gl4VQAS","0","Stephen May","2017-05-02 07:43:57","0050Y000000Gl4VQAS","2017-05-02 07:54:02","0050Y000000Gl4VQAS","2017-05-02 07:54:02","","CUS-0035","Firenza","05MO1038","84708056","stephen.may@gmail.com","32 Hallet Rd, Canvey Island SS8 8LJ, UK",""
"a060Y000005QTqlQAG","0050Y000000Gl4VQAS","0","Sarah Vance","2017-05-02 07:43:57","0050Y000000Gl4VQAS","2017-05-02 07:54:02","0050Y000000Gl4VQAS","2017-05-02 07:54:02","","CUS-0036","Fleetwood","05MO10382","81977983","sarah.vance@gmail.com","70 North St, Pewsey SN9 5NX, UK",""
"a060Y000005QTqmQAG","0050Y000000Gl4VQAS","0","Yvonne Kerr","2017-05-02 07:43:57","0050Y000000Gl4VQAS","2017-05-02 07:54:02","0050Y000000Gl4VQAS","2017-05-02 07:54:02","","CUS-0037","Focus","05MO10387","84450785","yvonne.kerr@gmail.com","5 Higher Rd, Urmston, Manchester M41, UK",""
"a060Y000005QTqnQAG","0050Y000000Gl4VQAS","0","Chloe Ross","2017-05-02 07:43:57","0050Y000000Gl4VQAS","2017-05-02 07:54:02","0050Y000000Gl4VQAS","2017-05-02 07:54:02","","CUS-0038","Forester","05MO10389","85097120","chloe.ross@gmail.com","4-5 The Quadrant, Birkenhead, Wirral CH47 4DR, UK",""
"a060Y000005QTqoQAG","0050Y000000Gl4VQAS","0","Joanne James","2017-05-02 07:43:57","0050Y000000Gl4VQAS","2017-05-02 07:54:02","0050Y000000Gl4VQAS","2017-05-02 07:54:02","","CUS-0039","Fox","05MO10394","81434153","joanne.james@gmail.com","36 Breeze Hill, Benllech, Tyn-y-Gongl LL74 8XA, UK","2017-12-01 00:00:00"
"a060Y000005QTqpQAG","0050Y000000Gl4VQAS","0","Max McLean","2017-05-02 07:43:57","0050Y000000Gl4VQAS","2017-05-02 07:54:02","0050Y000000Gl4VQAS","2017-05-02 07:54:02","","CUS-0040","Freelander","05MO10397","88147631","max.mclean@gmail.com","4 Rhiwgoch, Aberaeron SA46 0HR, UK","2017-03-01 00:00:00"
"a060Y000005QTqqQAG","0050Y000000Gl4VQAS","0","Ella Burgess","2017-05-02 07:43:57","0050Y000000Gl4VQAS","2017-05-02 07:54:02","0050Y000000Gl4VQAS","2017-05-02 07:54:02","","CUS-0041","Frontier","05MO10400","86235777","ella.burgess@gmail.com","25-27 Westgate, Hornsea HU18 1BP, UK",""
"a060Y000005QTqrQAG","0050Y000000Gl4VQAS","0","Cameron Bond","2017-05-02 07:43:57","0050Y000000Gl4VQAS","2017-05-02 07:54:02","0050Y000000Gl4VQAS","2017-05-02 07:54:02","","CUS-0042","Fuego","05MO10405","83528988","cameron.bond@gmail.com","14 Main St, Bicester OX25 6JR, UK",""
"a060Y000005QTqsQAG","0050Y000000Gl4VQAS","0","Steven Springer","2017-05-02 07:43:57","0050Y000000Gl4VQAS","2017-05-02 07:54:02","0050Y000000Gl4VQAS","2017-05-02 07:54:02","","CUS-0043","Galant","05MO1799","86123456","steven.springer@gmail.com","1 Bryn Clyd, Leeswood, Mold CH7 4RJ, UK",""
"a060Y000005QTqtQAG","0050Y000000Gl4VQAS","0","Jack Davies","2017-05-02 07:43:57","0050Y000000Gl4VQAS","2017-05-02 07:54:02","0050Y000000Gl4VQAS","2017-05-02 07:54:02","","CUS-0044","Golf","05MO1803","87073760","jack.davies@gmail.com","Birdale Field Ln, Wetherby LS22 5DT, UK","2017-07-03 00:00:00"
"a060Y000005QTquQAG","0050Y000000Gl4VQAS","0","Neil Paige","2017-05-02 07:43:57","0050Y000000Gl4VQAS","2017-05-02 07:54:02","0050Y000000Gl4VQAS","2017-05-02 07:54:02","","CUS-0045","Graduate","05MO1805","89027377","neil.paige@gmail.com","3 Sanday, Isle of Canna PH44 4RS, UK","2017-06-01 00:00:00"
"a060Y000005QTqvQAG","0050Y000000Gl4VQAS","0","Natalie North","2017-05-02 07:43:57","0050Y000000Gl4VQAS","2017-05-02 07:54:02","0050Y000000Gl4VQAS","2017-05-02 07:54:02","","CUS-0046","Gran Fury","05MO1809","82217843","natalie.north@gmail.com","B7005, Newton Stewart DG8 9RL, UK","2017-08-02 00:00:00"
"a060Y000005QTqwQAG","0050Y000000Gl4VQAS","0","Chloe Payne","2017-05-02 07:43:57","0050Y000000Gl4VQAS","2017-05-02 07:54:02","0050Y000000Gl4VQAS","2017-05-02 07:54:02","","CUS-0047","Grand Am","05MO1814","86403230","chloe.payne@gmail.com","28 Earlsway, Gateshead NE11, UK","2017-09-03 00:00:00"
"a060Y000005QTqxQAG","0050Y000000Gl4VQAS","0","Angela Marshall","2017-05-02 07:43:57","0050Y000000Gl4VQAS","2017-05-02 07:54:02","0050Y000000Gl4VQAS","2017-05-02 07:54:02","","CUS-0048","Grand Prix","05MO1817","88312435","angela.marshall@gmail.com","2 Greenacres, South Cornelly, Bridgend CF33 4SE, UK",""
"a060Y000005QTqyQAG","0050Y000000Gl4VQAS","0","Gavin Harris","2017-05-02 07:43:57","0050Y000000Gl4VQAS","2017-05-02 07:54:02","0050Y000000Gl4VQAS","2017-05-02 07:54:02","","CUS-0049","Grand Voyager","05MO1828","88661782","gavin.harris@gmail.com","55 Hewitt Ave, Coventry CV6 1NJ, UK","2017-02-04 00:00:00"
"a060Y000005QTqzQAG","0050Y000000Gl4VQAS","0","Emma Skinner","2017-05-02 07:43:57","0050Y000000Gl4VQAS","2017-05-02 07:54:02","0050Y000000Gl4VQAS","2017-05-02 07:54:02","","CUS-0050","Gremlin","05MO1830","85304434","emma.skinner@gmail.com","Charles Dickens St, Portsmouth PO1, UK","2017-11-01 00:00:00"
"a060Y000005QTr0QAG","0050Y000000Gl4VQAS","0","Alison Mackay","2017-05-02 07:43:57","0050Y000000Gl4VQAS","2017-05-02 07:54:02","0050Y000000Gl4VQAS","2017-05-02 07:54:02","","CUS-0051","Grenada","05MO1834","81575125","alison.mackay@gmail.com","32B Endsleigh Gardens, Ilford IG1 3EH, UK","2017-05-04 00:00:00"
"a060Y000005QTr1QAG","0050Y000000Gl4VQAS","0","Charles Carr","2017-05-02 07:43:57","0050Y000000Gl4VQAS","2017-05-02 07:54:02","0050Y000000Gl4VQAS","2017-05-02 07:54:02","","CUS-0052","Highlander","05MO1844","81392693","charles.carr@gmail.com","Jennings Wood Ln, Stourport-on-Severn DY13, UK","2017-12-02 00:00:00"
"a060Y000005QTr2QAG","0050Y000000Gl4VQAS","0","Elizabeth Brown","2017-05-02 07:43:57","0050Y000000Gl4VQAS","2017-05-02 07:54:02","0050Y000000Gl4VQAS","2017-05-02 07:54:02","","CUS-0053","Hombre","05MO1849","85182935","elizabeth.brown@gmail.com","24 Leigh Cl, Walsall WS4 2DU, UK","2017-09-04 00:00:00"
"a060Y000005QTr3QAG","0050Y000000Gl4VQAS","0","Rose Paige","2017-05-02 07:43:57","0050Y000000Gl4VQAS","2017-05-02 07:54:02","0050Y000000Gl4VQAS","2017-05-02 07:54:02","","CUS-0054","Horizon","05MO1850","83184268","rose.paige@gmail.com","6 Eldon St, Barnsley S70 2JP, UK",""
"a060Y000005QTr4QAG","0050Y000000Gl4VQAS","0","Warren Miller","2017-05-02 07:43:57","0050Y000000Gl4VQAS","2017-05-02 07:54:02","0050Y000000Gl4VQAS","2017-05-02 07:54:02","","CUS-0055","Hornet","05MO1855","85198711","warren.miller@gmail.com","Church Walk, Clitheroe BB7 2BZ, UK",""
"a060Y000005QTr5QAG","0050Y000000Gl4VQAS","0","Felicity Dowd","2017-05-02 07:43:57","0050Y000000Gl4VQAS","2017-05-02 07:54:02","0050Y000000Gl4VQAS","2017-05-02 07:54:02","","CUS-0056","Hummer","05MO1856","88350668","felicity.dowd@gmail.com","25 Heath Mead, Wimbledon, London SW19 5JP, UK",""
"a060Y000005QTr6QAG","0050Y000000Gl4VQAS","0","Sue Chapman","2017-05-02 07:43:57","0050Y000000Gl4VQAS","2017-05-02 07:54:02","0050Y000000Gl4VQAS","2017-05-02 07:54:02","","CUS-0057","Impala","05MO1877","86916033","sue.chapman@gmail.com","2 Highfield, Kames, Tighnabruaich PA21 2AQ, UK",""
"a060Y000005QTr7QAG","0050Y000000Gl4VQAS","0","Grace Metcalfe","2017-05-02 07:43:57","0050Y000000Gl4VQAS","2017-05-02 07:54:02","0050Y000000Gl4VQAS","2017-05-02 07:54:02","","CUS-0058","Imperial","05MO1893","83875526","grace.metcalfe@gmail.com","Trident Court, 1805 Coventry Rd, Birmingham B26 1DR, UK",""
"a060Y000005QTr8QAG","0050Y000000Gl4VQAS","0","Dominic Young","2017-05-02 07:43:57","0050Y000000Gl4VQAS","2017-05-02 07:54:02","0050Y000000Gl4VQAS","2017-05-02 07:54:02","","CUS-0059","Impreza","05MO1905","89231315","dominic.young@gmail.com","92 A739, Glasgow G11, UK","2017-06-04 00:00:00"
"a060Y000005QTr9QAG","0050Y000000Gl4VQAS","0","Christopher McGrath","2017-05-02 07:43:57","0050Y000000Gl4VQAS","2017-05-02 07:54:02","0050Y000000Gl4VQAS","2017-05-02 07:54:02","","CUS-0060","Impulse","05MO1912","82445618","christopher.mcgrath@gmail.com","11 Sawston Cl, Ipswich IP2 9DQ, UK","2017-11-02 00:00:00"
"a060Y000005QTrAQAW","0050Y000000Gl4VQAS","0","Oliver Mills","2017-05-02 07:43:57","0050Y000000Gl4VQAS","2017-05-02 07:54:02","0050Y000000Gl4VQAS","2017-05-02 07:54:02","","CUS-0061","Insight","05MO1918","81484211","oliver.mills@gmail.com","5 Beechmount Ct, Shotts ML7 5HS, UK",""
"a060Y000005QTrBQAW","0050Y000000Gl4VQAS","0","Jacob Payne","2017-05-02 07:43:57","0050Y000000Gl4VQAS","2017-05-02 07:54:02","0050Y000000Gl4VQAS","2017-05-02 07:54:02","","CUS-0062","Integra","05MO1920","88820314","jacob.payne@gmail.com","18 Creech Rd, Poole BH12 2NB, UK","2017-06-03 00:00:00"
"a060Y000005QTrCQAW","0050Y000000Gl4VQAS","0","Melanie White","2017-05-02 07:43:57","0050Y000000Gl4VQAS","2017-05-02 07:54:02","0050Y000000Gl4VQAS","2017-05-02 07:54:02","","CUS-0063","Intrepid","05MO1923","83744164","melanie.white@gmail.com","22 Cobham Dr, Weymouth DT4 0ST, UK","2017-09-01 00:00:00"
